{"accuracy": [0.675], "precision": [[0.9375, 0.609375]], "recall": [[0.375, 0.975]], "rocauc": [0.866875], "roccurve": [[[0.0, 0.0, 0.0, 0.025, 0.025, 0.05, 0.05, 0.075, 0.075, 0.1, 0.1, 0.15, 0.15, 0.175, 0.175, 0.25, 0.25, 0.275, 0.275, 0.325, 0.325, 0.35, 0.35, 0.525, 0.525, 0.675, 0.675, 1.0], [0.0, 0.025, 0.325, 0.325, 0.4, 0.4, 0.475, 0.475, 0.55, 0.55, 0.6, 0.6, 0.625, 0.625, 0.75, 0.75, 0.775, 0.775, 0.825, 0.825, 0.925, 0.925, 0.95, 0.95, 0.975, 0.975, 1.0, 1.0], [Infinity, 0.9998385310173035, 0.9763157367706299, 0.9749917984008789, 0.9480182528495789, 0.9465451836585999, 0.929122269153595, 0.9258431196212769, 0.9230970144271851, 0.9202847480773926, 0.9115344882011414, 0.9059287309646606, 0.9058142304420471, 0.8865108489990234, 0.853010356426239, 0.8305314183235168, 0.8221690654754639, 0.8089208006858826, 0.8005961775779724, 0.7708743810653687, 0.7394903898239136, 0.7294324636459351, 0.7230532765388489, 0.5881457328796387, 0.567449152469635, 0.4107851982116699, 0.32296985387802124, 0.0003628558188211173]]], "confmat": [[[15, 25], [1, 39]]]}