{"accuracy": [0.675], "precision": [[0.9411764705882353, 0.6031746031746031]], "recall": [[0.3902439024390244, 0.9743589743589743]], "rocauc": [0.8530331457160726], "roccurve": [[[0.0, 0.0, 0.0, 0.04878048780487805, 0.04878048780487805, 0.07317073170731707, 0.07317073170731707, 0.0975609756097561, 0.0975609756097561, 0.12195121951219512, 0.12195121951219512, 0.17073170731707318, 0.17073170731707318, 0.1951219512195122, 0.1951219512195122, 0.2682926829268293, 0.2682926829268293, 0.2926829268292683, 0.2926829268292683, 0.34146341463414637, 0.34146341463414637, 0.36585365853658536, 0.36585365853658536, 0.4146341463414634, 0.4146341463414634, 0.5121951219512195, 0.5121951219512195, 0.6585365853658537, 0.6585365853658537, 1.0], [0.0, 0.02564102564102564, 0.3076923076923077, 0.3076923076923077, 0.38461538461538464, 0.38461538461538464, 0.46153846153846156, 0.46153846153846156, 0.5384615384615384, 0.5384615384615384, 0.5897435897435898, 0.5897435897435898, 0.6153846153846154, 0.6153846153846154, 0.7692307692307693, 0.7692307692307693, 0.7948717948717948, 0.7948717948717948, 0.8461538461538461, 0.8461538461538461, 0.8974358974358975, 0.8974358974358975, 0.9230769230769231, 0.9230769230769231, 0.9487179487179487, 0.9487179487179487, 0.9743589743589743, 0.9743589743589743, 1.0, 1.0], [Infinity, 0.9998385310173035, 0.9763157367706299, 0.9749917984008789, 0.9480182528495789, 0.9465450644493103, 0.929122269153595, 0.9258431196212769, 0.9230970144271851, 0.9202847480773926, 0.9115344882011414, 0.9059287309646606, 0.9058142304420471, 0.8865108489990234, 0.853010356426239, 0.8305314779281616, 0.8221690654754639, 0.8089208006858826, 0.8005961775779724, 0.7708744406700134, 0.7394903898239136, 0.7294324636459351, 0.7230531573295593, 0.6858588457107544, 0.6838932633399963, 0.5904302000999451, 0.5674490928649902, 0.4107851982116699, 0.32296988368034363, 0.0003628558188211173]]], "confmat": [[[16, 25], [1, 38]]]}