{"accuracy": [0.575], "precision": [[0.8571428571428571, 0.547945205479452]], "recall": [[0.15384615384615385, 0.975609756097561]], "rocauc": [0.8811757348342715], "roccurve": [[[0.0, 0.0, 0.0, 0.02564102564102564, 0.02564102564102564, 0.05128205128205128, 0.05128205128205128, 0.10256410256410256, 0.10256410256410256, 0.1282051282051282, 0.1282051282051282, 0.23076923076923078, 0.23076923076923078, 0.28205128205128205, 0.28205128205128205, 0.38461538461538464, 0.38461538461538464, 0.46153846153846156, 0.46153846153846156, 0.6153846153846154, 0.6153846153846154, 0.7435897435897436, 0.7435897435897436, 0.8974358974358975, 0.8974358974358975, 1.0], [0.0, 0.024390243902439025, 0.5365853658536586, 0.5365853658536586, 0.5853658536585366, 0.5853658536585366, 0.6341463414634146, 0.6341463414634146, 0.7073170731707317, 0.7073170731707317, 0.8048780487804879, 0.8048780487804879, 0.8292682926829268, 0.8292682926829268, 0.8780487804878049, 0.8780487804878049, 0.9024390243902439, 0.9024390243902439, 0.926829268292683, 0.926829268292683, 0.9512195121951219, 0.9512195121951219, 0.975609756097561, 0.975609756097561, 1.0, 1.0], [Infinity, 0.8177686333656311, 0.7118094563484192, 0.7095166444778442, 0.7082529664039612, 0.7042868137359619, 0.702601969242096, 0.7002567648887634, 0.6962350010871887, 0.6960011124610901, 0.6825779676437378, 0.6722355484962463, 0.670367956161499, 0.6694622039794922, 0.6654689908027649, 0.6480286717414856, 0.6453933119773865, 0.6401757001876831, 0.6384586095809937, 0.6211066842079163, 0.6190659999847412, 0.5580594539642334, 0.5530461668968201, 0.49770739674568176, 0.48931413888931274, 0.45311179757118225]]], "confmat": [[[6, 33], [1, 40]]]}