{"accuracy": [0.55], "precision": [[0.8, 0.5333333333333333]], "recall": [[0.10256410256410256, 0.975609756097561]], "rocauc": [0.8818011257035647], "roccurve": [[[0.0, 0.0, 0.0, 0.02564102564102564, 0.02564102564102564, 0.05128205128205128, 0.05128205128205128, 0.07692307692307693, 0.07692307692307693, 0.10256410256410256, 0.10256410256410256, 0.1282051282051282, 0.1282051282051282, 0.23076923076923078, 0.23076923076923078, 0.28205128205128205, 0.28205128205128205, 0.38461538461538464, 0.38461538461538464, 0.48717948717948717, 0.48717948717948717, 0.6410256410256411, 0.6410256410256411, 0.7692307692307693, 0.7692307692307693, 0.9230769230769231, 0.9230769230769231, 1.0], [0.0, 0.024390243902439025, 0.5609756097560976, 0.5609756097560976, 0.6097560975609756, 0.6097560975609756, 0.6585365853658537, 0.6585365853658537, 0.6829268292682927, 0.6829268292682927, 0.7073170731707317, 0.7073170731707317, 0.8048780487804879, 0.8048780487804879, 0.8292682926829268, 0.8292682926829268, 0.8780487804878049, 0.8780487804878049, 0.9024390243902439, 0.9024390243902439, 0.926829268292683, 0.926829268292683, 0.9512195121951219, 0.9512195121951219, 0.975609756097561, 0.975609756097561, 1.0, 1.0], [Infinity, 0.8177686333656311, 0.7118094563484192, 0.709516704082489, 0.7082529664039612, 0.7042868137359619, 0.702601969242096, 0.7002567648887634, 0.6998252868652344, 0.6994827389717102, 0.6962350606918335, 0.6960011124610901, 0.6825779676437378, 0.6722355484962463, 0.670367956161499, 0.6694622039794922, 0.6654689908027649, 0.648028552532196, 0.6453933119773865, 0.6401757001876831, 0.6384586095809937, 0.6211066246032715, 0.6190659999847412, 0.5580594539642334, 0.5530461668968201, 0.4977073669433594, 0.48931413888931274, 0.46108993887901306]]], "confmat": [[[4, 35], [1, 40]]]}