{"accuracy": [0.475], "precision": [[0.0, 0.475]], "recall": [[0.0, 1.0]], "rocauc": [0.5939849624060151], "roccurve": [[[0.0, 0.0, 0.0, 0.19047619047619047, 0.19047619047619047, 0.23809523809523808, 0.23809523809523808, 0.2857142857142857, 0.2857142857142857, 0.3333333333333333, 0.3333333333333333, 0.38095238095238093, 0.38095238095238093, 0.47619047619047616, 0.47619047619047616, 0.5238095238095238, 0.5238095238095238, 0.6666666666666666, 0.6666666666666666, 0.7142857142857143, 0.7142857142857143, 0.8095238095238095, 0.8095238095238095, 1.0, 1.0], [0.0, 0.05263157894736842, 0.10526315789473684, 0.10526315789473684, 0.21052631578947367, 0.21052631578947367, 0.2631578947368421, 0.2631578947368421, 0.3684210526315789, 0.3684210526315789, 0.5263157894736842, 0.5263157894736842, 0.5789473684210527, 0.5789473684210527, 0.7368421052631579, 0.7368421052631579, 0.7894736842105263, 0.7894736842105263, 0.8421052631578947, 0.8421052631578947, 0.8947368421052632, 0.8947368421052632, 0.9473684210526315, 0.9473684210526315, 1.0], [Infinity, 0.7941623330116272, 0.7899640798568726, 0.7623710632324219, 0.7530499696731567, 0.7512543201446533, 0.7508135437965393, 0.7494455575942993, 0.7355504631996155, 0.7354403138160706, 0.7326650023460388, 0.7320446968078613, 0.7306787371635437, 0.7289310097694397, 0.7115367650985718, 0.7112557291984558, 0.7087584733963013, 0.7051816582679749, 0.6956528425216675, 0.6943061351776123, 0.6927798390388489, 0.6852719783782959, 0.6774515509605408, 0.6606264114379883, 0.6517229676246643]]], "confmat": [[[0, 21], [0, 19]]]}