{"accuracy": [0.525], "precision": [[0.0, 0.525]], "recall": [[0.0, 1.0]], "rocauc": [0.6065162907268171], "roccurve": [[[0.0, 0.0, 0.0, 0.21052631578947367, 0.21052631578947367, 0.2631578947368421, 0.2631578947368421, 0.3157894736842105, 0.3157894736842105, 0.3684210526315789, 0.3684210526315789, 0.42105263157894735, 0.42105263157894735, 0.47368421052631576, 0.47368421052631576, 0.6842105263157895, 0.6842105263157895, 0.7368421052631579, 0.7368421052631579, 0.8421052631578947, 0.8421052631578947, 1.0, 1.0], [0.0, 0.047619047619047616, 0.09523809523809523, 0.09523809523809523, 0.19047619047619047, 0.19047619047619047, 0.23809523809523808, 0.23809523809523808, 0.5714285714285714, 0.5714285714285714, 0.6190476190476191, 0.6190476190476191, 0.7619047619047619, 0.7619047619047619, 0.8095238095238095, 0.8095238095238095, 0.8571428571428571, 0.8571428571428571, 0.9047619047619048, 0.9047619047619048, 0.9523809523809523, 0.9523809523809523, 1.0], [Infinity, 0.7941623330116272, 0.7899640798568726, 0.7623710632324219, 0.7530499696731567, 0.7512543201446533, 0.7508135437965393, 0.7494455575942993, 0.7326650023460388, 0.7320446968078613, 0.7306787371635437, 0.7304437756538391, 0.7115367650985718, 0.7112557291984558, 0.7087584733963013, 0.7038615942001343, 0.6956528425216675, 0.6943061351776123, 0.6927798390388489, 0.6852719783782959, 0.6774516105651855, 0.6606264114379883, 0.6517229676246643]]], "confmat": [[[0, 19], [0, 21]]]}