{"accuracy": [0.6625], "precision": [[0.6511627906976745, 0.6756756756756757]], "recall": [[0.7, 0.625]], "rocauc": [0.68875], "roccurve": [[[0.0, 0.025, 0.025, 0.05, 0.05, 0.1, 0.1, 0.125, 0.125, 0.15, 0.15, 0.2, 0.2, 0.225, 0.225, 0.25, 0.25, 0.3, 0.3, 0.35, 0.35, 0.4, 0.4, 0.425, 0.425, 0.45, 0.45, 0.475, 0.475, 0.525, 0.525, 0.625, 0.625, 0.65, 0.65, 0.75, 0.75, 0.8, 0.8, 1.0], [0.0, 0.0, 0.025, 0.025, 0.075, 0.075, 0.125, 0.125, 0.2, 0.2, 0.225, 0.225, 0.525, 0.525, 0.575, 0.575, 0.6, 0.6, 0.625, 0.625, 0.7, 0.7, 0.725, 0.725, 0.75, 0.75, 0.8, 0.8, 0.825, 0.825, 0.85, 0.85, 0.875, 0.875, 0.9, 0.9, 0.925, 0.925, 1.0, 1.0], [Infinity, 0.9206362366676331, 0.8857031464576721, 0.8107918500900269, 0.7854657769203186, 0.741066038608551, 0.7251548171043396, 0.72160404920578, 0.7008494138717651, 0.6891931891441345, 0.6888954639434814, 0.6702669858932495, 0.5591114163398743, 0.5549561381340027, 0.5456053614616394, 0.5413225889205933, 0.5338979959487915, 0.511018693447113, 0.503022313117981, 0.4823647439479828, 0.4654054343700409, 0.4110315442085266, 0.4068882465362549, 0.3992115557193756, 0.3856387436389923, 0.34999707341194153, 0.31396955251693726, 0.3129042088985443, 0.2953823208808899, 0.27653494477272034, 0.25472715497016907, 0.23431600630283356, 0.23178350925445557, 0.22164860367774963, 0.21950526535511017, 0.15719358623027802, 0.1505328118801117, 0.13684940338134766, 0.1093461737036705, 0.05079589784145355]]], "confmat": [[[28, 12], [15, 25]]]}