{"accuracy": [0.65], "precision": [[0.6511627906976745, 0.6486486486486487]], "recall": [[0.6829268292682927, 0.6153846153846154]], "rocauc": [0.6841776110068793], "roccurve": [[[0.0, 0.024390243902439025, 0.024390243902439025, 0.04878048780487805, 0.04878048780487805, 0.0975609756097561, 0.0975609756097561, 0.12195121951219512, 0.12195121951219512, 0.14634146341463414, 0.14634146341463414, 0.1951219512195122, 0.1951219512195122, 0.21951219512195122, 0.21951219512195122, 0.24390243902439024, 0.24390243902439024, 0.2682926829268293, 0.2682926829268293, 0.2926829268292683, 0.2926829268292683, 0.36585365853658536, 0.36585365853658536, 0.4146341463414634, 0.4146341463414634, 0.43902439024390244, 0.43902439024390244, 0.4878048780487805, 0.4878048780487805, 0.5365853658536586, 0.5365853658536586, 0.6341463414634146, 0.6341463414634146, 0.6585365853658537, 0.6585365853658537, 0.7560975609756098, 0.7560975609756098, 0.8048780487804879, 0.8048780487804879, 1.0], [0.0, 0.0, 0.02564102564102564, 0.02564102564102564, 0.07692307692307693, 0.07692307692307693, 0.1282051282051282, 0.1282051282051282, 0.20512820512820512, 0.20512820512820512, 0.23076923076923078, 0.23076923076923078, 0.46153846153846156, 0.46153846153846156, 0.5128205128205128, 0.5128205128205128, 0.5641025641025641, 0.5641025641025641, 0.5897435897435898, 0.5897435897435898, 0.6153846153846154, 0.6153846153846154, 0.717948717948718, 0.717948717948718, 0.7435897435897436, 0.7435897435897436, 0.7948717948717948, 0.7948717948717948, 0.8205128205128205, 0.8205128205128205, 0.8461538461538461, 0.8461538461538461, 0.8717948717948718, 0.8717948717948718, 0.8974358974358975, 0.8974358974358975, 0.9230769230769231, 0.9230769230769231, 1.0, 1.0], [Infinity, 0.9206361174583435, 0.8857032060623169, 0.8107918500900269, 0.7854657769203186, 0.7410661578178406, 0.7251548767089844, 0.7216041684150696, 0.7008494138717651, 0.6891931891441345, 0.6888954639434814, 0.6702669262886047, 0.5738056898117065, 0.5710367560386658, 0.5591114163398743, 0.5549561381340027, 0.5456053614616394, 0.5413225889205933, 0.5338979363441467, 0.5185709595680237, 0.5173889398574829, 0.4823647737503052, 0.4654054343700409, 0.4110315442085266, 0.4068882167339325, 0.39921149611473083, 0.31396958231925964, 0.30535173416137695, 0.2953822612762451, 0.27653494477272034, 0.2547270953655243, 0.23431600630283356, 0.23178350925445557, 0.22164864838123322, 0.21950526535511017, 0.15719358623027802, 0.1505328118801117, 0.13684940338134766, 0.1093461737036705, 0.05079589784145355]]], "confmat": [[[28, 13], [15, 24]]]}